Pod,Farm,State
Pod1,A,Illinois
Pod1,A,Illinois
Pod1,A,Illinois
Pod1,A,Illinois
Pod1,A,Illinois
Pod1,A,Illinois
Pod1,A,Illinois
Pod1,A,Illinois
Pod1,A,Illinois
Pod1,A,Illinois
Pod1,A,Illinois
Pod1,A,Illinois
Pod1,A,Illinois
Pod1,A,Illinois
Pod1,A,Illinois
Pod1,A,Illinois
Pod1,A,Illinois
Pod1,A,Illinois
Pod1,A,Illinois
Pod1,A,Illinois
Pod1,A,Illinois
Pod1,A,Illinois
Pod1,A,Illinois
Pod1,A,Illinois
Pod1,A,Illinois
Pod1,A,Illinois
Pod1,A,Illinois
Pod1,A,Illinois
Pod1,A,Illinois
Pod1,A,Illinois
Pod1,A,Illinois
Pod1,A,Illinois
Pod1,A,Illinois
Pod1,A,Illinois
Pod1,A,Illinois
Pod1,A,Illinois
Pod1,A,Illinois
Pod1,A,Illinois
Pod1,A,Illinois
Pod1,A,Illinois
Pod1,A,Illinois
Pod1,A,Illinois
Pod1,A,Illinois
Pod1,A,Illinois
Pod1,A,Illinois
Pod1,A,Illinois
Pod1,A,Illinois
Pod1,A,Illinois
Pod1,A,Illinois
Pod1,A,Illinois
Pod1,A,Illinois
Pod1,A,Illinois
Pod1,A,Illinois
Pod1,A,Illinois
Pod1,A,Illinois
Pod1,A,Illinois
Pod1,A,Illinois
Pod1,A,Illinois
Pod1,A,Illinois
Pod1,B,Illinois
Pod1,B,Illinois
Pod1,B,Illinois
Pod1,B,Illinois
Pod1,B,Illinois
Pod1,B,Illinois
Pod1,B,Illinois
Pod1,B,Illinois
Pod1,B,Illinois
Pod1,B,Illinois
Pod1,B,Illinois
Pod1,B,Illinois
Pod1,B,Illinois
Pod1,B,Illinois
Pod1,B,Illinois
Pod1,B,Illinois
Pod1,B,Illinois
Pod1,B,Illinois
Pod1,B,Illinois
Pod1,B,Illinois
Pod1,B,Illinois
Pod1,B,Illinois
Pod1,B,Illinois
Pod1,B,Illinois
Pod1,B,Illinois
Pod1,B,Illinois
Pod1,B,Illinois
Pod1,B,Illinois
Pod1,B,Illinois
Pod1,B,Illinois
Pod1,B,Illinois
Pod1,B,Illinois
Pod1,B,Illinois
Pod1,B,Illinois
Pod1,B,Illinois
Pod1,B,Illinois
Pod1,B,Illinois
Pod1,B,Illinois
Pod1,B,Illinois
Pod1,B,Illinois
Pod1,B,Illinois
Pod1,C,Illinois
Pod1,C,Illinois
Pod1,C,Illinois
Pod1,C,Illinois
Pod1,C,Illinois
Pod1,C,Illinois
Pod1,C,Illinois
Pod1,C,Illinois
Pod1,C,Illinois
Pod1,C,Illinois
Pod1,C,Illinois
Pod1,C,Illinois
Pod1,C,Illinois
Pod1,C,Illinois
Pod1,C,Illinois
Pod1,C,Illinois
Pod1,C,Illinois
Pod1,C,Illinois
Pod1,C,Illinois
Pod1,C,Illinois
Pod1,C,Illinois
Pod1,C,Illinois
Pod1,C,Illinois
Pod1,C,Illinois
Pod1,C,Illinois
Pod1,C,Illinois
Pod1,C,Illinois
Pod1,C,Illinois
Pod1,C,Illinois
Pod1,C,Illinois
Pod1,C,Illinois
Pod1,C,Illinois
Pod1,C,Illinois
Pod1,C,Illinois
Pod1,C,Illinois
Pod1,C,Illinois
Pod1,C,Illinois
Pod1,C,Illinois
Pod1,C,Illinois
Pod1,D,Georgia
Pod1,D,Georgia
Pod1,D,Georgia
Pod1,D,Georgia
Pod1,D,Georgia
Pod1,D,Georgia
Pod1,D,Georgia
Pod1,D,Georgia
Pod1,D,Georgia
Pod1,D,Georgia
Pod1,D,Georgia
Pod1,D,Georgia
Pod1,D,Georgia
Pod1,D,Georgia
Pod1,D,Georgia
Pod1,D,Georgia
Pod1,D,Georgia
Pod1,D,Georgia
Pod1,D,Georgia
Pod1,D,Georgia
Pod1,D,Georgia
Pod1,D,Georgia
Pod1,D,Georgia
Pod1,D,Georgia
Pod1,D,Georgia
Pod1,D,Georgia
Pod1,D,Georgia
Pod1,D,Georgia
Pod1,D,Georgia
Pod1,D,Georgia
Pod1,D,Georgia
Pod1,D,Georgia
Pod1,D,Georgia
Pod1,D,Georgia
Pod1,D,Georgia
Pod1,D,Georgia
Pod1,D,Georgia
Pod1,D,Georgia
Pod1,D,Georgia
Pod1,D,Georgia
Pod1,D,Georgia
Pod1,D,Georgia
Pod1,D,Georgia
Pod1,D,Georgia
Pod1,D,Georgia
Pod1,D,Georgia
Pod1,D,Georgia
Pod1,D,Georgia
Pod1,D,Georgia
Pod1,D,Georgia
Pod1,D,Georgia
Pod1,D,Georgia
Pod1,D,Georgia
Pod1,D,Georgia
Pod1,D,Georgia
Pod1,D,Georgia
Pod1,D,Georgia
Pod1,D,Georgia
Pod1,D,Georgia
Pod1,D,Georgia
Pod1,D,Georgia
Pod1,D,Georgia
Pod1,D,Georgia
Pod1,D,Georgia
Pod1,D,Georgia
Pod1,D,Georgia
Pod1,D,Georgia
Pod1,D,Georgia
Pod1,D,Georgia
Pod1,D,Georgia
Pod1,D,Georgia
Pod1,D,Georgia
Pod1,D,Georgia
Pod1,D,Georgia
Pod1,D,Georgia
Pod1,D,Georgia
Pod1,D,Georgia
Pod1,D,Georgia
Pod1,D,Georgia
Pod1,D,Georgia
Pod1,D,Georgia
Pod1,D,Georgia
Pod1,D,Georgia
Pod1,D,Georgia
Pod1,D,Georgia
Pod1,D,Georgia
Pod1,D,Georgia
Pod1,D,Georgia
Pod1,D,Georgia
Pod1,D,Georgia
Pod1,D,Georgia
Pod1,D,Georgia
Pod1,D,Georgia
Pod1,D,Georgia
Pod1,D,Georgia
Pod1,D,Georgia
Pod1,D,Georgia
Pod1,D,Georgia
Pod1,D,Georgia
Pod1,D,Georgia
Pod1,D,Georgia
Pod1,D,Georgia
Pod1,D,Georgia
Pod1,D,Georgia
Pod1,D,Georgia
Pod1,D,Georgia
Pod1,D,Georgia
Pod1,D,Georgia
Pod1,D,Georgia
Pod1,D,Georgia
Pod1,D,Georgia
Pod1,D,Georgia
Pod1,D,Georgia
Pod1,D,Georgia
Pod1,D,Georgia
Pod1,D,Georgia
Pod1,D,Georgia
Pod1,D,Georgia
Pod1,D,Georgia
Pod1,D,Georgia
Pod1,D,Georgia
Pod1,D,Georgia
Pod1,D,Georgia
Pod1,D,Georgia
Pod1,D,Georgia
Pod1,D,Georgia
Pod1,D,Georgia
Pod1,D,Georgia
Pod1,D,Georgia
Pod1,D,Georgia
Pod1,D,Georgia
Pod1,D,Georgia
Pod1,E,Georgia
Pod1,E,Georgia
Pod1,E,Georgia
Pod1,E,Georgia
Pod1,E,Georgia
Pod1,E,Georgia
Pod1,E,Georgia
Pod1,E,Georgia
Pod1,E,Georgia
Pod1,E,Georgia
Pod1,E,Georgia
Pod1,E,Georgia
Pod1,E,Georgia
Pod1,E,Georgia
Pod1,E,Georgia
Pod1,E,Georgia
Pod1,E,Georgia
Pod1,E,Georgia
Pod1,E,Georgia
Pod1,E,Georgia
Pod1,E,Georgia
Pod1,E,Georgia
Pod1,E,Georgia
Pod1,E,Georgia
Pod1,E,Georgia
Pod1,E,Georgia
Pod1,E,Georgia
Pod1,E,Georgia
Pod1,E,Georgia
Pod1,E,Georgia
Pod1,E,Georgia
Pod1,E,Georgia
Pod1,F,Georgia
Pod1,F,Georgia
Pod1,F,Georgia
Pod1,F,Georgia
Pod1,F,Georgia
Pod1,F,Georgia
Pod1,F,Georgia
Pod1,F,Georgia
Pod1,F,Georgia
Pod1,F,Georgia
Pod1,F,Georgia
Pod1,F,Georgia
Pod1,F,Georgia
Pod1,F,Georgia
Pod1,F,Georgia
Pod1,F,Georgia
Pod1,F,Georgia
Pod1,F,Georgia
Pod1,F,Georgia
Pod1,F,Georgia
Pod1,F,Georgia
Pod1,F,Georgia
Pod1,F,Georgia
Pod1,F,Georgia
Pod1,F,Georgia
Pod1,F,Georgia
Pod1,F,Georgia
Pod1,F,Georgia
Pod1,F,Georgia
Pod1,F,Georgia
Pod1,F,Georgia
Pod1,F,Georgia
Pod1,F,Georgia
Pod1,F,Georgia
Pod1,F,Georgia
Pod1,F,Georgia
Pod1,F,Georgia
Pod1,F,Georgia
Pod1,F,Georgia
Pod1,F,Georgia
Pod1,F,Georgia
Pod1,F,Georgia
Pod1,F,Georgia
Pod1,F,Georgia
Pod1,F,Georgia
Pod1,F,Georgia
Pod1,F,Georgia
Pod1,F,Georgia
Pod1,F,Georgia
Pod1,F,Georgia
Pod1,G,Georgia
Pod1,G,Georgia
Pod1,G,Georgia
Pod1,G,Georgia
Pod1,G,Georgia
Pod1,G,Georgia
Pod1,G,Georgia
Pod1,G,Georgia
Pod1,G,Georgia
Pod1,G,Georgia
Pod1,G,Georgia
Pod1,G,Georgia
Pod1,G,Georgia
Pod1,G,Georgia
Pod1,G,Georgia
Pod1,G,Georgia
Pod1,G,Georgia
Pod1,G,Georgia
Pod1,G,Georgia
Pod1,G,Georgia
Pod1,G,Georgia
Pod1,G,Georgia
Pod1,G,Georgia
Pod1,G,Georgia
Pod1,G,Georgia
Pod1,G,Georgia
Pod1,G,Georgia
Pod1,G,Georgia
Pod1,G,Georgia
Pod1,G,Georgia
Pod1,G,Georgia
Pod1,G,Georgia
Pod1,G,Georgia
Pod1,G,Georgia
Pod1,G,Georgia
Pod1,G,Georgia
Pod1,G,Georgia
Pod1,G,Georgia
Pod1,G,Georgia
Pod1,G,Georgia
Pod1,G,Georgia
Pod1,G,Georgia
Pod1,G,Georgia
Pod1,G,Georgia
Pod1,G,Georgia
Pod1,G,Georgia
Pod1,G,Georgia
Pod1,G,Georgia
Pod1,G,Georgia
Pod1,G,Georgia
Pod1,G,Georgia
Pod1,G,Georgia
Pod1,G,Georgia
Pod1,G,Georgia
Pod1,G,Georgia
Pod1,G,Georgia
Pod1,G,Georgia
Pod1,G,Georgia
Pod1,G,Georgia
Pod1,G,Georgia
Pod1,G,Georgia
Pod1,G,Georgia
Pod1,G,Georgia
Pod1,G,Georgia
Pod1,G,Georgia
Pod1,G,Georgia
Pod1,G,Georgia
Pod1,G,Georgia
Pod1,G,Georgia
Pod1,G,Georgia
Pod1,G,Georgia
Pod1,G,Georgia
Pod1,G,Georgia
Pod1,G,Georgia
Pod1,G,Georgia
Pod1,G,Georgia
Pod1,G,Georgia
Pod1,G,Georgia
Pod1,G,Georgia
Pod1,G,Georgia
Pod1,G,Georgia
Pod1,G,Georgia
Pod1,G,Georgia
Pod1,G,Georgia
Pod1,G,Georgia
Pod1,G,Georgia
Pod1,G,Georgia
Pod1,G,Georgia
Pod1,G,Georgia
Pod1,G,Georgia
Pod1,G,Georgia
Pod1,G,Georgia
Pod1,G,Georgia
Pod1,G,Georgia
Pod1,G,Georgia
Pod1,G,Georgia
Pod1,G,Georgia
Pod1,G,Georgia
Pod1,G,Georgia
Pod1,G,Georgia
Pod1,G,Georgia
Pod1,G,Georgia
Pod1,G,Georgia
Pod1,G,Georgia
Pod1,G,Georgia
Pod1,G,Georgia
Pod1,G,Georgia
Pod1,G,Georgia
Pod1,G,Georgia
Pod1,G,Georgia
Pod1,G,Georgia
Pod1,G,Georgia
Pod1,G,Georgia
Pod1,G,Georgia
Pod1,G,Georgia
Pod1,G,Georgia
Pod1,G,Georgia
Pod1,G,Georgia
Pod1,G,Georgia
Pod1,G,Georgia
Pod1,G,Georgia
Pod1,G,Georgia
Pod1,G,Georgia
Pod1,G,Georgia
Pod1,G,Georgia
Pod1,G,Georgia
Pod1,G,Georgia
Pod1,G,Georgia
Pod1,G,Georgia
Pod1,G,Georgia
Pod1,G,Georgia
Pod1,G,Georgia
Pod2,A,Illinois
Pod2,A,Illinois
Pod2,A,Illinois
Pod2,A,Illinois
Pod2,A,Illinois
Pod2,A,Illinois
Pod2,A,Illinois
Pod2,A,Illinois
Pod2,A,Illinois
Pod2,A,Illinois
Pod2,A,Illinois
Pod2,A,Illinois
Pod2,A,Illinois
Pod2,A,Illinois
Pod2,A,Illinois
Pod2,A,Illinois
Pod2,A,Illinois
Pod2,A,Illinois
Pod2,A,Illinois
Pod2,A,Illinois
Pod2,A,Illinois
Pod2,A,Illinois
Pod2,A,Illinois
Pod2,A,Illinois
Pod2,A,Illinois
Pod2,A,Illinois
Pod2,A,Illinois
Pod2,A,Illinois
Pod2,A,Illinois
Pod2,A,Illinois
Pod2,A,Illinois
Pod2,A,Illinois
Pod2,A,Illinois
Pod2,A,Illinois
Pod2,A,Illinois
Pod2,A,Illinois
Pod2,A,Illinois
Pod2,A,Illinois
Pod2,A,Illinois
Pod2,A,Illinois
Pod2,A,Illinois
Pod2,A,Illinois
Pod2,A,Illinois
Pod2,A,Illinois
Pod2,A,Illinois
Pod2,A,Illinois
Pod2,A,Illinois
Pod2,A,Illinois
Pod2,A,Illinois
Pod2,A,Illinois
Pod2,A,Illinois
Pod2,A,Illinois
Pod2,A,Illinois
Pod2,A,Illinois
Pod2,A,Illinois
Pod2,A,Illinois
Pod2,A,Illinois
Pod2,A,Illinois
Pod2,A,Illinois
Pod2,A,Illinois
Pod2,B,Illinois
Pod2,B,Illinois
Pod2,B,Illinois
Pod2,B,Illinois
Pod2,B,Illinois
Pod2,B,Illinois
Pod2,B,Illinois
Pod2,B,Illinois
Pod2,B,Illinois
Pod2,B,Illinois
Pod2,B,Illinois
Pod2,B,Illinois
Pod2,B,Illinois
Pod2,B,Illinois
Pod2,B,Illinois
Pod2,B,Illinois
Pod2,B,Illinois
Pod2,B,Illinois
Pod2,B,Illinois
Pod2,B,Illinois
Pod2,B,Illinois
Pod2,B,Illinois
Pod2,B,Illinois
Pod2,B,Illinois
Pod2,B,Illinois
Pod2,B,Illinois
Pod2,B,Illinois
Pod2,B,Illinois
Pod2,B,Illinois
Pod2,B,Illinois
Pod2,B,Illinois
Pod2,B,Illinois
Pod2,B,Illinois
Pod2,B,Illinois
Pod2,B,Illinois
Pod2,B,Illinois
Pod2,B,Illinois
Pod2,B,Illinois
Pod2,B,Illinois
Pod2,B,Illinois
Pod2,B,Illinois
Pod2,B,Illinois
Pod2,B,Illinois
Pod2,B,Illinois
Pod2,B,Illinois
Pod2,B,Illinois
Pod2,B,Illinois
Pod2,B,Illinois
Pod2,B,Illinois
Pod2,B,Illinois
Pod2,B,Illinois
Pod2,B,Illinois
Pod2,B,Illinois
Pod2,B,Illinois
Pod2,B,Illinois
Pod2,B,Illinois
Pod2,B,Illinois
Pod2,B,Illinois
Pod2,B,Illinois
Pod2,B,Illinois
Pod2,B,Illinois
Pod2,B,Illinois
Pod2,B,Illinois
Pod2,B,Illinois
Pod2,B,Illinois
Pod2,B,Illinois
Pod2,B,Illinois
Pod2,B,Illinois
Pod2,B,Illinois
Pod2,B,Illinois
Pod2,B,Illinois
Pod2,B,Illinois
Pod2,B,Illinois
Pod2,B,Illinois
Pod2,B,Illinois
Pod2,B,Illinois
Pod2,B,Illinois
Pod2,B,Illinois
Pod2,C,Illinois
Pod2,C,Illinois
Pod2,C,Illinois
Pod2,C,Illinois
Pod2,C,Illinois
Pod2,C,Illinois
Pod2,C,Illinois
Pod2,C,Illinois
Pod2,C,Illinois
Pod2,C,Illinois
Pod2,C,Illinois
Pod2,C,Illinois
Pod2,C,Illinois
Pod2,C,Illinois
Pod2,C,Illinois
Pod2,C,Illinois
Pod2,C,Illinois
Pod2,C,Illinois
Pod2,C,Illinois
Pod2,C,Illinois
Pod2,C,Illinois
Pod2,C,Illinois
Pod2,C,Illinois
Pod2,C,Illinois
Pod2,C,Illinois
Pod2,C,Illinois
Pod2,C,Illinois
Pod2,C,Illinois
Pod2,C,Illinois
Pod2,C,Illinois
Pod2,C,Illinois
Pod2,C,Illinois
Pod2,C,Illinois
Pod2,C,Illinois
Pod2,C,Illinois
Pod2,C,Illinois
Pod2,C,Illinois
Pod2,C,Illinois
Pod2,C,Illinois
Pod2,C,Illinois
Pod2,C,Illinois
Pod2,C,Illinois
Pod2,C,Illinois
Pod2,C,Illinois
Pod2,C,Illinois
Pod2,C,Illinois
Pod2,C,Illinois
Pod2,C,Illinois
Pod2,C,Illinois
Pod2,C,Illinois
Pod2,C,Illinois
Pod2,C,Illinois
Pod2,C,Illinois
Pod2,C,Illinois
Pod2,C,Illinois
Pod2,C,Illinois
Pod2,C,Illinois
Pod2,C,Illinois
Pod2,C,Illinois
Pod2,C,Illinois
Pod2,C,Illinois
Pod2,C,Illinois
Pod2,C,Illinois
Pod2,C,Illinois
Pod2,C,Illinois
Pod2,C,Illinois
Pod2,C,Illinois
Pod2,C,Illinois
Pod2,D,Illinois
Pod2,D,Illinois
Pod2,D,Illinois
Pod2,D,Illinois
Pod2,D,Illinois
Pod2,D,Illinois
Pod2,D,Illinois
Pod2,D,Illinois
Pod2,D,Illinois
Pod2,D,Illinois
Pod2,D,Illinois
Pod2,D,Illinois
Pod2,D,Illinois
Pod2,D,Illinois
Pod2,D,Illinois
Pod2,D,Illinois
Pod2,D,Illinois
Pod2,D,Illinois
Pod2,D,Illinois
Pod2,D,Illinois
Pod2,D,Illinois
Pod2,D,Illinois
Pod2,D,Illinois
Pod2,D,Illinois
Pod2,D,Illinois
Pod2,D,Illinois
Pod2,D,Illinois
Pod2,D,Illinois
Pod2,D,Illinois
Pod2,D,Illinois
Pod2,D,Illinois
Pod2,D,Illinois
Pod2,D,Illinois
Pod2,D,Illinois
Pod2,D,Illinois
Pod2,D,Illinois
Pod2,D,Illinois
Pod2,D,Illinois
Pod2,D,Illinois
Pod2,D,Illinois
Pod2,D,Illinois
Pod2,D,Illinois
Pod2,D,Illinois
Pod2,D,Illinois
Pod2,D,Illinois
Pod2,D,Illinois
Pod2,D,Illinois
Pod2,D,Illinois
Pod2,D,Illinois
Pod2,D,Illinois
Pod2,D,Illinois
Pod2,D,Illinois
Pod2,D,Illinois
Pod2,D,Illinois
Pod2,D,Illinois
Pod2,D,Illinois
Pod2,D,Illinois
Pod2,D,Illinois
Pod2,D,Illinois
Pod2,D,Illinois
Pod2,D,Illinois
Pod2,D,Illinois
Pod2,D,Illinois
Pod2,D,Illinois
Pod2,D,Illinois
Pod2,D,Illinois
Pod2,D,Illinois
Pod2,D,Illinois
Pod2,D,Illinois
Pod2,D,Illinois
Pod2,D,Illinois
Pod2,D,Illinois
Pod2,D,Illinois
Pod2,D,Illinois
Pod2,D,Illinois
Pod2,D,Illinois
Pod2,D,Illinois
Pod2,D,Illinois
Pod2,D,Illinois
Pod2,D,Illinois
Pod2,D,Illinois
Pod2,D,Illinois
Pod2,D,Illinois
Pod2,D,Illinois
Pod2,D,Illinois
Pod2,D,Illinois
Pod2,D,Illinois
Pod2,D,Illinois
Pod2,D,Illinois
Pod2,D,Illinois
Pod2,D,Illinois
Pod2,D,Illinois
Pod2,D,Illinois
Pod2,D,Illinois
Pod2,D,Illinois
Pod2,D,Illinois
Pod2,D,Illinois
Pod2,D,Illinois
Pod2,D,Illinois
Pod2,D,Illinois
Pod2,D,Illinois
Pod2,D,Illinois
Pod2,E,Illinois
Pod2,E,Illinois
Pod2,E,Illinois
Pod2,E,Illinois
Pod2,E,Illinois
Pod2,E,Illinois
Pod2,E,Illinois
Pod2,E,Illinois
Pod2,E,Illinois
Pod2,E,Illinois
Pod2,E,Illinois
Pod2,E,Illinois
Pod2,E,Illinois
Pod2,E,Illinois
Pod2,E,Illinois
Pod2,E,Illinois
Pod2,E,Illinois
Pod2,E,Illinois
Pod2,E,Illinois
Pod2,E,Illinois
Pod2,E,Illinois
Pod2,E,Illinois
Pod2,E,Illinois
Pod2,E,Illinois
Pod2,E,Illinois
Pod2,E,Illinois
Pod2,E,Illinois
Pod2,E,Illinois
Pod2,E,Illinois
Pod2,E,Illinois
Pod2,E,Illinois
Pod2,E,Illinois
Pod2,E,Illinois
Pod2,E,Illinois
Pod2,E,Illinois
Pod2,E,Illinois
Pod2,E,Illinois
Pod2,E,Illinois
Pod2,E,Illinois
Pod2,E,Illinois
Pod2,E,Illinois
Pod2,E,Illinois
Pod2,E,Illinois
Pod2,E,Illinois
Pod2,E,Illinois
Pod2,E,Illinois
Pod2,E,Illinois
Pod2,E,Illinois
Pod2,E,Illinois
Pod2,E,Illinois
Pod2,E,Illinois
Pod2,E,Illinois
Pod2,E,Illinois
Pod2,E,Illinois
Pod2,E,Illinois
Pod2,E,Illinois
Pod2,E,Illinois
Pod2,E,Illinois
Pod2,E,Illinois
Pod2,E,Illinois
Pod2,E,Illinois
Pod2,E,Illinois
Pod2,E,Illinois
Pod2,E,Illinois
Pod2,E,Illinois
Pod2,E,Illinois
Pod2,E,Illinois
Pod2,E,Illinois
Pod2,E,Illinois
Pod2,E,Illinois
Pod2,E,Illinois
Pod2,E,Illinois
Pod2,E,Illinois
Pod2,E,Illinois
Pod2,E,Illinois
Pod2,E,Illinois
Pod2,E,Illinois
Pod2,E,Illinois
Pod2,E,Illinois
Pod2,E,Illinois
Pod2,E,Illinois
Pod2,E,Illinois
Pod2,E,Illinois
Pod2,E,Illinois
Pod2,E,Illinois
Pod2,E,Illinois
Pod2,E,Illinois
Pod2,E,Illinois
Pod2,E,Illinois
Pod2,E,Illinois
Pod2,E,Illinois
Pod2,E,Illinois
Pod2,E,Illinois
Pod2,E,Illinois
Pod2,E,Illinois
Pod2,E,Illinois
Pod2,E,Illinois
Pod2,E,Illinois
Pod2,E,Illinois
Pod2,E,Illinois
Pod2,E,Illinois
Pod2,E,Illinois
Pod2,E,Illinois
Pod2,E,Illinois
Pod2,E,Illinois
Pod2,E,Illinois
Pod2,E,Illinois
Pod2,E,Illinois
Pod2,E,Illinois
Pod2,E,Illinois
Pod2,E,Illinois
Pod2,E,Illinois
Pod2,E,Illinois
Pod2,E,Illinois
Pod2,E,Illinois
Pod2,E,Illinois
Pod2,E,Illinois
Pod2,E,Illinois
Pod2,E,Illinois
Pod2,E,Illinois
Pod2,E,Illinois
Pod2,E,Illinois
Pod2,E,Illinois
Pod2,E,Illinois
Pod2,E,Illinois
Pod2,E,Illinois
Pod2,E,Illinois
Pod2,E,Illinois
Pod2,E,Illinois
Pod2,E,Illinois
Pod2,E,Illinois
Pod2,E,Illinois
Pod2,E,Illinois
Pod2,E,Illinois
Pod2,E,Illinois
Pod2,E,Illinois
Pod2,E,Illinois
Pod2,E,Illinois
Pod2,E,Illinois
Pod2,E,Illinois
Pod2,E,Illinois
Pod2,E,Illinois
Pod2,E,Illinois
Pod2,E,Illinois
Pod2,E,Illinois
Pod2,E,Illinois
Pod2,E,Illinois
Pod2,E,Illinois
Pod2,E,Illinois
Pod2,E,Illinois
Pod2,E,Illinois
Pod2,E,Illinois
Pod2,E,Illinois
Pod2,E,Illinois
Pod2,E,Illinois
Pod2,E,Illinois
Pod2,E,Illinois
Pod2,E,Illinois
Pod2,E,Illinois
Pod2,E,Illinois
Pod2,E,Illinois
Pod2,E,Illinois
Pod2,E,Illinois
Pod2,E,Illinois
Pod2,E,Illinois
Pod2,E,Illinois
Pod2,E,Illinois
Pod2,E,Illinois
Pod2,E,Illinois
Pod2,E,Illinois
Pod2,E,Illinois
Pod2,E,Illinois
Pod2,E,Illinois
Pod2,E,Illinois
Pod2,E,Illinois
Pod2,E,Illinois
Pod2,E,Illinois
Pod2,E,Illinois
Pod2,E,Illinois
Pod2,E,Illinois
Pod2,E,Illinois
Pod2,E,Illinois
Pod2,E,Illinois
Pod2,E,Illinois
Pod2,E,Illinois
Pod2,E,Illinois
Pod2,E,Illinois
Pod2,E,Illinois
Pod2,E,Illinois
Pod2,F,Illinois
Pod2,F,Illinois
Pod2,F,Illinois
Pod2,F,Illinois
Pod2,F,Illinois
Pod2,F,Illinois
Pod2,F,Illinois
Pod2,F,Illinois
Pod2,F,Illinois
Pod2,F,Illinois
Pod2,F,Illinois
Pod2,F,Illinois
Pod2,F,Illinois
Pod2,F,Illinois
Pod2,F,Illinois
Pod2,F,Illinois
Pod2,F,Illinois
Pod2,F,Illinois
Pod2,F,Illinois
Pod2,F,Illinois
Pod2,F,Illinois
Pod2,F,Illinois
Pod2,F,Illinois
Pod2,F,Illinois
Pod2,F,Illinois
Pod2,F,Illinois
Pod2,F,Illinois
Pod2,F,Illinois
Pod2,F,Illinois
Pod2,F,Illinois
Pod2,F,Illinois
Pod2,F,Illinois
Pod2,F,Illinois
Pod2,F,Illinois
Pod2,F,Illinois
Pod2,F,Illinois
Pod2,F,Illinois
Pod2,F,Illinois
Pod2,F,Illinois
Pod2,F,Illinois
Pod2,F,Illinois
Pod2,F,Illinois
Pod2,F,Illinois
Pod2,F,Illinois
Pod2,F,Illinois
Pod2,F,Illinois
Pod2,F,Illinois
Pod2,F,Illinois
Pod2,F,Illinois
Pod2,F,Illinois
Pod2,F,Illinois
Pod2,F,Illinois
Pod2,F,Illinois
Pod2,F,Illinois
Pod2,F,Illinois
Pod2,F,Illinois
Pod2,F,Illinois
Pod2,F,Illinois
Pod2,F,Illinois
Pod2,F,Illinois
Pod2,F,Illinois
Pod2,F,Illinois
Pod2,F,Illinois
Pod2,F,Illinois
Pod2,F,Illinois
Pod2,F,Illinois
Pod2,F,Illinois
Pod2,F,Illinois
Pod2,F,Illinois
Pod2,F,Illinois
Pod2,F,Illinois
Pod2,F,Illinois
Pod2,F,Illinois
Pod2,F,Illinois
Pod2,F,Illinois
Pod2,F,Illinois
Pod2,F,Illinois
Pod2,F,Illinois
Pod2,F,Illinois
Pod2,F,Illinois
Pod2,F,Illinois
Pod2,F,Illinois
Pod2,F,Illinois
Pod2,F,Illinois
Pod2,F,Illinois
Pod2,F,Illinois
Pod2,F,Illinois
Pod2,F,Illinois
Pod2,F,Illinois
Pod2,F,Illinois
Pod2,F,Illinois
Pod2,F,Illinois
Pod2,F,Illinois
Pod2,F,Illinois
Pod2,F,Illinois
Pod2,F,Illinois
Pod2,F,Illinois
Pod2,F,Illinois
Pod2,F,Illinois
Pod2,G,Illinois
Pod2,G,Illinois
Pod2,G,Illinois
Pod2,G,Illinois
Pod2,G,Illinois
Pod2,G,Illinois
Pod2,G,Illinois
Pod2,G,Illinois
Pod2,G,Illinois
Pod2,G,Illinois
Pod2,G,Illinois
Pod2,G,Illinois
Pod2,G,Illinois
Pod2,G,Illinois
Pod2,G,Illinois
Pod2,G,Illinois
Pod2,G,Illinois
Pod2,G,Illinois
Pod2,G,Illinois
Pod2,G,Illinois
Pod2,G,Illinois
Pod2,G,Illinois
Pod2,G,Illinois
Pod2,G,Illinois
Pod2,G,Illinois
Pod2,G,Illinois
Pod2,G,Illinois
Pod2,G,Illinois
Pod2,G,Illinois
Pod2,G,Illinois
Pod2,G,Illinois
Pod2,G,Illinois
Pod2,G,Illinois
Pod2,G,Illinois
Pod2,G,Illinois
Pod2,G,Illinois
Pod2,G,Illinois
Pod2,G,Illinois
Pod2,G,Illinois
Pod2,G,Illinois
Pod2,G,Illinois
Pod2,G,Illinois
Pod2,G,Illinois
Pod2,G,Illinois
Pod2,G,Illinois
Pod2,G,Illinois
Pod2,G,Illinois
Pod2,G,Illinois
Pod2,G,Illinois
Pod2,G,Illinois
Pod2,G,Illinois
Pod2,G,Illinois
Pod2,G,Illinois
Pod2,G,Illinois
Pod2,G,Illinois
Pod2,G,Illinois
Pod2,G,Illinois
Pod2,G,Illinois
Pod2,G,Illinois
Pod2,G,Illinois
Pod2,G,Illinois
Pod2,G,Illinois
Pod2,G,Illinois
Pod2,G,Illinois
Pod2,G,Illinois
Pod2,G,Illinois
Pod2,G,Illinois
Pod2,G,Illinois
Pod2,G,Illinois
Pod2,G,Illinois
Pod2,G,Illinois
Pod2,G,Illinois
Pod2,G,Illinois
Pod2,G,Illinois
Pod2,G,Illinois
Pod2,G,Illinois
Pod2,G,Illinois
Pod2,G,Illinois
Pod2,G,Illinois
Pod2,G,Illinois
Pod2,G,Illinois
Pod2,G,Illinois
Pod2,G,Illinois
Pod2,G,Illinois
Pod2,G,Illinois
Pod2,G,Illinois
Pod2,G,Illinois
Pod2,G,Illinois
Pod2,G,Illinois
Pod2,G,Illinois
Pod2,G,Illinois
Pod2,G,Illinois
Pod2,G,Illinois
Pod2,G,Illinois
Pod2,G,Illinois
Pod2,G,Illinois
Pod2,G,Illinois
Pod2,G,Illinois
Pod2,G,Illinois
Pod2,G,Illinois
Pod2,G,Illinois
Pod2,G,Illinois
Pod2,G,Illinois
Pod2,G,Illinois
Pod2,G,Illinois
Pod2,G,Illinois
Pod2,G,Illinois
Pod2,G,Illinois
Pod2,G,Illinois
Pod2,G,Illinois
Pod2,G,Illinois
Pod2,G,Illinois
Pod2,G,Illinois
Pod2,G,Illinois
Pod2,G,Illinois
Pod2,G,Illinois
Pod2,G,Illinois
Pod2,G,Illinois
Pod2,G,Illinois
Pod2,G,Illinois
Pod2,G,Illinois
Pod2,G,Illinois
Pod2,G,Illinois
Pod2,G,Illinois
Pod2,G,Illinois
Pod2,G,Illinois
Pod2,G,Illinois
Pod2,G,Illinois
Pod2,G,Illinois
Pod2,G,Illinois
Pod2,G,Illinois
Pod2,G,Illinois
Pod2,G,Illinois
Pod2,G,Illinois
Pod2,G,Illinois
Pod2,G,Illinois
Pod2,G,Illinois
Pod2,G,Illinois
Pod2,G,Illinois
Pod2,G,Illinois
Pod2,G,Illinois
Pod2,G,Illinois
Pod2,G,Illinois
Pod2,G,Illinois
Pod2,G,Illinois
Pod2,G,Illinois
Pod2,G,Illinois
Pod2,G,Illinois
Pod2,G,Illinois
Pod2,G,Illinois
Pod2,G,Illinois
Pod2,G,Illinois
Pod2,G,Illinois
Pod2,G,Illinois
Pod2,G,Illinois
Pod2,G,Illinois
Pod2,G,Illinois
Pod2,G,Illinois
Pod2,G,Illinois
Pod2,G,Illinois
Pod2,G,Illinois
Pod2,G,Illinois
Pod2,G,Illinois
Pod2,G,Illinois
Pod2,G,Illinois
Pod2,G,Illinois
Pod2,G,Illinois
Pod2,G,Illinois
Pod2,G,Illinois
Pod2,G,Illinois
Pod2,G,Illinois
Pod2,G,Illinois
Pod2,G,Illinois
Pod2,G,Illinois
Pod2,G,Illinois
Pod2,G,Illinois
Pod2,G,Illinois
Pod2,G,Illinois
Pod2,G,Illinois
Pod2,G,Illinois
Pod2,G,Illinois
Pod2,G,Illinois
Pod2,G,Illinois
Pod2,G,Illinois
Pod2,G,Illinois
Pod2,G,Illinois
Pod2,G,Illinois
Pod2,G,Illinois
Pod2,G,Illinois
Pod3,A,Oklahoma
Pod3,A,Oklahoma
Pod3,A,Oklahoma
Pod3,A,Oklahoma
Pod3,A,Oklahoma
Pod3,A,Oklahoma
Pod3,A,Oklahoma
Pod3,A,Oklahoma
Pod3,A,Oklahoma
Pod3,A,Oklahoma
Pod3,A,Oklahoma
Pod3,A,Oklahoma
Pod3,A,Oklahoma
Pod3,A,Oklahoma
Pod3,A,Oklahoma
Pod3,A,Oklahoma
Pod3,A,Oklahoma
Pod3,A,Oklahoma
Pod3,A,Oklahoma
Pod3,A,Oklahoma
Pod3,A,Oklahoma
Pod3,A,Oklahoma
Pod3,A,Oklahoma
Pod3,A,Oklahoma
Pod3,A,Oklahoma
Pod3,B,Oklahoma
Pod3,B,Oklahoma
Pod3,B,Oklahoma
Pod3,B,Oklahoma
Pod3,B,Oklahoma
Pod3,B,Oklahoma
Pod3,B,Oklahoma
Pod3,B,Oklahoma
Pod3,B,Oklahoma
Pod3,B,Oklahoma
Pod3,B,Oklahoma
Pod3,B,Oklahoma
Pod3,B,Oklahoma
Pod3,B,Oklahoma
Pod3,B,Oklahoma
Pod3,B,Oklahoma
Pod3,C,Oklahoma
Pod3,C,Oklahoma
Pod3,C,Oklahoma
Pod3,C,Oklahoma
Pod3,C,Oklahoma
Pod3,C,Oklahoma
Pod3,C,Oklahoma
Pod3,C,Oklahoma
Pod3,C,Oklahoma
Pod3,C,Oklahoma
Pod3,C,Oklahoma
Pod3,C,Oklahoma
Pod3,C,Oklahoma
Pod3,C,Oklahoma
Pod3,C,Oklahoma
Pod3,C,Oklahoma
Pod3,C,Oklahoma
Pod3,C,Oklahoma
Pod3,C,Oklahoma
Pod3,C,Oklahoma
Pod3,C,Oklahoma
Pod3,C,Oklahoma
Pod3,C,Oklahoma
Pod3,C,Oklahoma
Pod3,C,Oklahoma
Pod3,C,Oklahoma
Pod3,C,Oklahoma
Pod3,C,Oklahoma
Pod3,C,Oklahoma
Pod3,C,Oklahoma
Pod3,C,Oklahoma
Pod3,C,Oklahoma
Pod3,C,Oklahoma
Pod3,C,Oklahoma
Pod3,C,Oklahoma
Pod3,C,Oklahoma
Pod3,C,Oklahoma
Pod3,C,Oklahoma
Pod3,C,Oklahoma
Pod3,C,Oklahoma
Pod3,C,Oklahoma
Pod3,C,Oklahoma
Pod3,C,Oklahoma
Pod3,C,Oklahoma
Pod3,C,Oklahoma
Pod3,C,Oklahoma
Pod3,C,Oklahoma
Pod3,C,Oklahoma
Pod3,C,Oklahoma
Pod3,C,Oklahoma
Pod3,C,Oklahoma
Pod3,C,Oklahoma
Pod3,C,Oklahoma
Pod3,C,Oklahoma
Pod3,C,Oklahoma
Pod3,C,Oklahoma
Pod3,C,Oklahoma
Pod3,C,Oklahoma
Pod3,C,Oklahoma
Pod3,C,Oklahoma
Pod3,C,Oklahoma
Pod3,C,Oklahoma
Pod3,C,Oklahoma
Pod3,C,Oklahoma
Pod3,C,Oklahoma
Pod3,C,Oklahoma
Pod3,C,Oklahoma
Pod3,C,Oklahoma
Pod3,C,Oklahoma
Pod3,C,Oklahoma
Pod3,C,Oklahoma
Pod3,C,Oklahoma
Pod3,C,Oklahoma
Pod3,C,Oklahoma
Pod3,D,Oklahoma
Pod3,D,Oklahoma
Pod3,D,Oklahoma
Pod3,D,Oklahoma
Pod3,D,Oklahoma
Pod3,D,Oklahoma
Pod3,D,Oklahoma
Pod3,D,Oklahoma
Pod3,F,Oklahoma
Pod3,F,Oklahoma
Pod3,F,Oklahoma
Pod3,F,Oklahoma
Pod3,F,Oklahoma
Pod3,F,Oklahoma
Pod3,F,Oklahoma
Pod3,F,Oklahoma
Pod3,F,Oklahoma
Pod3,F,Oklahoma
Pod3,F,Oklahoma
Pod3,F,Oklahoma
Pod3,F,Oklahoma
Pod3,F,Oklahoma
Pod3,F,Oklahoma
Pod3,G,Oklahoma
Pod3,G,Oklahoma
Pod3,G,Oklahoma
Pod3,G,Oklahoma
Pod3,G,Oklahoma
Pod3,G,Oklahoma
Pod3,G,Oklahoma
Pod3,G,Oklahoma
Pod3,G,Oklahoma
Pod3,G,Oklahoma
Pod3,G,Oklahoma
Pod3,G,Oklahoma
Pod3,G,Oklahoma
Pod3,G,Oklahoma
Pod3,G,Oklahoma
Pod3,G,Oklahoma
Pod3,G,Oklahoma
Pod3,G,Oklahoma
Pod3,G,Oklahoma
Pod3,G,Oklahoma
Pod3,G,Oklahoma
Pod3,G,Oklahoma
Pod3,G,Oklahoma
Pod3,G,Oklahoma
Pod3,G,Oklahoma
Pod3,G,Oklahoma
Pod3,G,Oklahoma
Pod3,G,Oklahoma
Pod3,G,Oklahoma
Pod3,G,Oklahoma
Pod3,G,Oklahoma
Pod3,G,Oklahoma
Pod3,G,Oklahoma
Pod3,G,Oklahoma
Pod3,G,Oklahoma
Pod3,G,Oklahoma
Pod3,G,Oklahoma
Pod3,G,Oklahoma
Pod3,G,Oklahoma
Pod3,G,Oklahoma
Pod3,G,Oklahoma
Pod3,G,Oklahoma
Pod3,G,Oklahoma
Pod3,G,Oklahoma
Pod3,G,Oklahoma
Pod3,G,Oklahoma
Pod3,G,Oklahoma
Pod3,G,Oklahoma
Pod3,G,Oklahoma
Pod3,G,Oklahoma
Pod3,G,Oklahoma
Pod3,G,Oklahoma
Pod3,G,Oklahoma
Pod3,G,Oklahoma
Pod3,G,Oklahoma
Pod3,G,Oklahoma
Pod3,G,Oklahoma
Pod3,G,Oklahoma
Pod3,G,Oklahoma
Pod3,G,Oklahoma
Pod3,G,Oklahoma
Pod3,G,Oklahoma
Pod3,G,Oklahoma
Pod3,G,Oklahoma
Pod3,G,Oklahoma
Pod3,G,Oklahoma
Pod3,G,Oklahoma
Pod3,G,Oklahoma
Pod3,G,Oklahoma
Pod3,G,Oklahoma
Pod3,G,Oklahoma
Pod3,G,Oklahoma
Pod3,G,Oklahoma
Pod3,G,Oklahoma
Pod3,G,Oklahoma
Pod3,G,Oklahoma
Pod3,G,Oklahoma
Pod3,G,Oklahoma
Pod3,G,Oklahoma
Pod3,G,Oklahoma
Pod3,G,Oklahoma
Pod3,G,Oklahoma
Pod3,G,Oklahoma
Pod3,G,Oklahoma
Pod3,G,Oklahoma
Pod3,G,Oklahoma
Pod3,G,Oklahoma
Pod3,G,Oklahoma
Pod3,G,Oklahoma
Pod3,G,Oklahoma
Pod3,G,Oklahoma
Pod3,G,Oklahoma
Pod3,G,Oklahoma
Pod3,G,Oklahoma
Pod3,G,Oklahoma
Pod3,G,Oklahoma
Pod3,G,Oklahoma
Pod3,G,Oklahoma
Pod3,G,Oklahoma
Pod3,G,Oklahoma
Pod3,G,Oklahoma
Pod3,G,Oklahoma
Pod3,G,Oklahoma
Pod3,G,Oklahoma
Pod3,G,Oklahoma
Pod4,A,Nebraska
Pod4,A,Nebraska
Pod4,A,Nebraska
Pod4,A,Nebraska
Pod4,A,Nebraska
Pod4,A,Nebraska
Pod4,A,Nebraska
Pod4,A,Nebraska
Pod4,A,Nebraska
Pod4,A,Nebraska
Pod4,A,Nebraska
Pod4,A,Nebraska
Pod4,A,Nebraska
Pod4,A,Nebraska
Pod4,B,Nebraska
Pod4,B,Nebraska
Pod4,B,Nebraska
Pod4,B,Nebraska
Pod4,B,Nebraska
Pod4,B,Nebraska
Pod4,B,Nebraska
Pod4,B,Nebraska
Pod4,B,Nebraska
Pod4,B,Nebraska
Pod4,B,Nebraska
Pod4,B,Nebraska
Pod4,B,Nebraska
Pod4,B,Nebraska
Pod4,B,Nebraska
Pod4,B,Nebraska
Pod4,B,Nebraska
Pod4,B,Nebraska
Pod4,B,Nebraska
Pod4,B,Nebraska
Pod4,B,Nebraska
Pod4,B,Nebraska
Pod4,B,Nebraska
Pod4,B,Nebraska
Pod4,B,Nebraska
Pod4,B,Nebraska
Pod4,B,Nebraska
Pod4,B,Nebraska
Pod4,B,Nebraska
Pod4,B,Nebraska
Pod4,B,Nebraska
Pod4,B,Nebraska
Pod4,B,Nebraska
Pod4,B,Nebraska
Pod4,B,Nebraska
Pod4,B,Nebraska
Pod4,B,Nebraska
Pod4,B,Nebraska
Pod4,B,Nebraska
Pod4,B,Nebraska
Pod4,B,Nebraska
Pod4,B,Nebraska
Pod4,B,Nebraska
Pod4,B,Nebraska
Pod4,B,Nebraska
Pod4,C,Nebraska
Pod4,C,Nebraska
Pod4,C,Nebraska
Pod4,C,Nebraska
Pod4,C,Nebraska
Pod4,C,Nebraska
Pod4,C,Nebraska
Pod4,C,Nebraska
Pod4,C,Nebraska
Pod4,C,Nebraska
Pod4,C,Nebraska
Pod4,C,Nebraska
Pod4,C,Nebraska
Pod4,C,Nebraska
Pod4,C,Nebraska
Pod4,C,Nebraska
Pod4,C,Nebraska
Pod4,C,Nebraska
Pod4,C,Nebraska
Pod4,C,Nebraska
Pod4,C,Nebraska
Pod4,C,Nebraska
Pod4,C,Nebraska
Pod4,C,Nebraska
Pod4,C,Nebraska
Pod4,C,Nebraska
Pod4,C,Nebraska
Pod4,C,Nebraska
Pod4,C,Nebraska
Pod4,C,Nebraska
Pod4,C,Nebraska
Pod4,D,Nebraska
Pod4,D,Nebraska
Pod4,D,Nebraska
Pod4,D,Nebraska
Pod4,D,Nebraska
Pod4,D,Nebraska
Pod4,D,Nebraska
Pod4,D,Nebraska
Pod4,D,Nebraska
Pod4,D,Nebraska
Pod4,D,Nebraska
Pod4,D,Nebraska
Pod4,D,Nebraska
Pod4,D,Nebraska
Pod4,D,Nebraska
Pod4,D,Nebraska
Pod4,D,Nebraska
Pod4,D,Nebraska
Pod4,D,Nebraska
Pod4,D,Nebraska
Pod4,D,Nebraska
Pod4,D,Nebraska
Pod4,D,Nebraska
Pod4,D,Nebraska
Pod4,D,Nebraska
Pod4,D,Nebraska
Pod4,D,Nebraska
Pod4,D,Nebraska
Pod4,D,Nebraska
Pod4,D,Nebraska
Pod4,D,Nebraska
Pod4,D,Nebraska
Pod4,D,Nebraska
Pod4,D,Nebraska
Pod4,D,Nebraska
Pod4,D,Nebraska
Pod4,D,Nebraska
Pod4,D,Nebraska
Pod4,D,Nebraska
Pod4,D,Nebraska
Pod4,D,Nebraska
Pod4,D,Nebraska
Pod4,D,Nebraska
Pod4,D,Nebraska
Pod4,D,Nebraska
Pod4,D,Nebraska
Pod4,D,Nebraska
Pod4,D,Nebraska
Pod4,D,Nebraska
Pod4,D,Nebraska
Pod4,D,Nebraska
Pod4,D,Nebraska
Pod4,D,Nebraska
Pod4,D,Nebraska
Pod4,D,Nebraska
Pod4,D,Nebraska
Pod4,D,Nebraska
Pod4,D,Nebraska
Pod4,D,Nebraska
Pod4,D,Nebraska
Pod4,D,Nebraska
Pod4,D,Nebraska
Pod4,D,Nebraska
Pod4,D,Nebraska
Pod4,D,Nebraska
Pod4,D,Nebraska
Pod4,D,Nebraska
Pod4,D,Nebraska
Pod4,D,Nebraska
Pod4,D,Nebraska
Pod4,D,Nebraska
Pod4,D,Nebraska
Pod4,D,Nebraska
Pod4,D,Nebraska
Pod4,D,Nebraska
Pod4,D,Nebraska
Pod4,D,Nebraska
Pod4,D,Nebraska
Pod4,D,Nebraska
Pod4,D,Nebraska
Pod4,D,Nebraska
Pod4,D,Nebraska
Pod4,D,Nebraska
Pod4,D,Nebraska
Pod4,D,Nebraska
Pod4,D,Nebraska
Pod4,D,Nebraska
Pod4,D,Nebraska
Pod4,D,Nebraska
Pod4,D,Nebraska
Pod4,D,Nebraska
Pod4,D,Nebraska
Pod4,D,Nebraska
Pod4,D,Nebraska
Pod4,D,Nebraska
Pod4,D,Nebraska
Pod4,D,Nebraska
Pod4,D,Nebraska
Pod4,D,Nebraska
Pod4,D,Nebraska
Pod4,D,Nebraska
Pod4,D,Nebraska
Pod4,D,Nebraska
Pod4,D,Nebraska
Pod4,D,Nebraska
Pod4,D,Nebraska
Pod4,D,Nebraska
Pod4,D,Nebraska
Pod4,D,Nebraska
Pod4,D,Nebraska
Pod4,D,Nebraska
Pod4,D,Nebraska
Pod4,D,Nebraska
Pod4,D,Nebraska
Pod4,D,Nebraska
Pod4,D,Nebraska
Pod4,D,Nebraska
Pod4,D,Nebraska
Pod4,D,Nebraska
Pod4,D,Nebraska
Pod4,D,Nebraska
Pod4,D,Nebraska
Pod4,D,Nebraska
Pod4,D,Nebraska
Pod4,E,Nebraska
Pod4,E,Nebraska
Pod4,E,Nebraska
Pod4,E,Nebraska
Pod4,E,Nebraska
Pod4,E,Nebraska
Pod4,E,Nebraska
Pod4,E,Nebraska
Pod4,E,Nebraska
Pod4,E,Nebraska
Pod4,E,Nebraska
Pod4,E,Nebraska
Pod4,E,Nebraska
Pod4,E,Nebraska
Pod4,E,Nebraska
Pod4,E,Nebraska
Pod4,E,Nebraska
Pod4,E,Nebraska
Pod4,E,Nebraska
Pod4,E,Nebraska
Pod4,E,Nebraska
Pod4,E,Nebraska
Pod4,F,Nebraska
Pod4,F,Nebraska
Pod4,F,Nebraska
Pod4,F,Nebraska
Pod4,F,Nebraska
Pod4,F,Nebraska
Pod4,F,Nebraska
Pod4,F,Nebraska
Pod4,F,Nebraska
Pod4,F,Nebraska
Pod4,F,Nebraska
Pod4,F,Nebraska
Pod4,F,Nebraska
Pod4,F,Nebraska
Pod4,F,Nebraska
Pod4,F,Nebraska
Pod4,F,Nebraska
Pod4,F,Nebraska
Pod4,F,Nebraska
Pod4,F,Nebraska
Pod4,F,Nebraska
Pod4,F,Nebraska
Pod4,F,Nebraska
Pod4,F,Nebraska
Pod4,F,Nebraska
Pod4,F,Nebraska
Pod4,F,Nebraska
Pod4,F,Nebraska
Pod4,F,Nebraska
Pod4,F,Nebraska
Pod4,F,Nebraska
Pod4,F,Nebraska
Pod4,F,Nebraska
Pod4,F,Nebraska
Pod4,F,Nebraska
Pod4,F,Nebraska
Pod4,F,Nebraska
Pod4,F,Nebraska
Pod4,F,Nebraska
Pod4,F,Nebraska
Pod4,F,Nebraska
Pod4,F,Nebraska
Pod4,F,Nebraska
Pod4,F,Nebraska
Pod4,F,Nebraska
Pod4,F,Nebraska
Pod4,F,Nebraska
Pod4,F,Nebraska
Pod4,F,Nebraska
Pod4,F,Nebraska
Pod4,F,Nebraska
Pod4,F,Nebraska
Pod4,F,Nebraska
Pod4,F,Nebraska
Pod4,F,Nebraska
Pod4,F,Nebraska
Pod4,F,Nebraska
Pod4,F,Nebraska
Pod4,F,Nebraska
Pod4,F,Nebraska
Pod4,F,Nebraska
Pod4,F,Nebraska
Pod4,F,Nebraska
Pod4,F,Nebraska
Pod4,F,Nebraska
Pod4,F,Nebraska
Pod4,F,Nebraska
Pod4,F,Nebraska
Pod4,F,Nebraska
Pod4,F,Nebraska
Pod4,F,Nebraska
Pod4,F,Nebraska
Pod4,F,Nebraska
Pod4,F,Nebraska
Pod4,F,Nebraska
Pod4,F,Nebraska
Pod4,F,Nebraska
Pod4,F,Nebraska
Pod4,F,Nebraska
Pod4,F,Nebraska
Pod4,F,Nebraska
Pod4,F,Nebraska
Pod4,F,Nebraska
Pod4,F,Nebraska
Pod4,F,Nebraska
Pod4,F,Nebraska
Pod4,F,Nebraska
Pod4,F,Nebraska
Pod4,F,Nebraska
Pod4,F,Nebraska
Pod4,F,Nebraska
Pod4,F,Nebraska
Pod4,F,Nebraska
Pod4,F,Nebraska
Pod4,F,Nebraska
Pod4,F,Nebraska
Pod4,F,Nebraska
Pod4,F,Nebraska
Pod4,F,Nebraska
Pod4,F,Nebraska
Pod4,F,Nebraska
Pod4,F,Nebraska
Pod4,F,Nebraska
Pod4,F,Nebraska
Pod4,F,Nebraska
Pod4,F,Nebraska
Pod4,F,Nebraska
Pod4,F,Nebraska
Pod4,F,Nebraska
Pod4,F,Nebraska
Pod4,F,Nebraska
Pod4,F,Nebraska
Pod4,F,Nebraska
Pod4,F,Nebraska
Pod4,F,Nebraska
Pod4,F,Nebraska
Pod4,F,Nebraska
Pod4,F,Nebraska
Pod4,F,Nebraska
Pod4,F,Nebraska
Pod4,F,Nebraska
Pod4,F,Nebraska
Pod4,F,Nebraska
Pod4,F,Nebraska
Pod4,F,Nebraska
Pod4,F,Nebraska
Pod4,F,Nebraska
Pod4,F,Nebraska
Pod4,F,Nebraska
Pod4,F,Nebraska
Pod4,F,Nebraska
Pod4,F,Nebraska
Pod4,F,Nebraska
Pod4,F,Nebraska
Pod4,F,Nebraska
Pod4,F,Nebraska
Pod4,F,Nebraska
Pod4,F,Nebraska
Pod4,F,Nebraska
Pod4,F,Nebraska
Pod4,F,Nebraska
Pod4,F,Nebraska
Pod4,F,Nebraska
Pod4,F,Nebraska
Pod4,F,Nebraska
Pod4,F,Nebraska
Pod4,F,Nebraska
Pod4,F,Nebraska
Pod4,F,Nebraska
Pod4,F,Nebraska
Pod4,F,Nebraska
Pod4,F,Nebraska
Pod4,F,Nebraska
Pod4,F,Nebraska
Pod4,F,Nebraska
Pod4,F,Nebraska
Pod4,F,Nebraska
Pod4,F,Nebraska
Pod4,F,Nebraska
Pod4,F,Nebraska
Pod4,G,Nebraska
Pod4,G,Nebraska
Pod4,G,Nebraska
Pod4,G,Nebraska
Pod4,G,Nebraska
Pod4,G,Nebraska
Pod4,G,Nebraska
Pod4,G,Nebraska
Pod4,G,Nebraska
Pod4,G,Nebraska
Pod4,G,Nebraska
Pod4,G,Nebraska
Pod4,G,Nebraska
Pod4,G,Nebraska
Pod4,G,Nebraska
Pod4,G,Nebraska
Pod4,G,Nebraska
Pod4,G,Nebraska
Pod4,G,Nebraska
Pod4,G,Nebraska
Pod4,G,Nebraska
Pod4,G,Nebraska
Pod4,G,Nebraska
Pod4,G,Nebraska
Pod4,G,Nebraska
Pod4,G,Nebraska
Pod4,G,Nebraska
Pod4,G,Nebraska
Pod4,G,Nebraska
Pod4,G,Nebraska
Pod4,G,Nebraska
Pod4,G,Nebraska
Pod4,G,Nebraska
Pod4,G,Nebraska
Pod4,G,Nebraska
Pod4,G,Nebraska
Pod4,G,Nebraska
Pod4,G,Nebraska
Pod4,G,Nebraska
Pod4,G,Nebraska
Pod4,G,Nebraska
Pod4,G,Nebraska
Pod4,G,Nebraska
Pod4,G,Nebraska
Pod4,G,Nebraska
Pod4,G,Nebraska
Pod4,G,Nebraska
Pod4,G,Nebraska
Pod4,G,Nebraska
Pod4,G,Nebraska
Pod4,G,Nebraska
Pod4,G,Nebraska
Pod4,G,Nebraska
Pod4,G,Nebraska
Pod4,G,Nebraska
Pod4,G,Nebraska
Pod4,G,Nebraska
Pod4,G,Nebraska
Pod4,G,Nebraska
Pod4,G,Nebraska
Pod4,G,Nebraska
Pod4,G,Nebraska
Pod4,G,Nebraska
Pod4,G,Nebraska
Pod4,G,Nebraska
Pod4,G,Nebraska
Pod4,G,Nebraska
Pod4,G,Nebraska
Pod4,G,Nebraska
Pod4,G,Nebraska
Pod4,G,Nebraska
Pod4,G,Nebraska
Pod4,G,Nebraska
Pod4,G,Nebraska
Pod4,G,Nebraska
Pod4,G,Nebraska
Pod4,G,Nebraska
Pod4,G,Nebraska
Pod4,G,Nebraska